brand,nomeProdotto,descrizione,immagine,prezzo
Strength Co,Parallette Pro,Acciaio cromato resistente. Perfette per skill work e planche. Larghezza 40cm,https://encrypted-tbn0.gstatic.com/images?q=tbn:ANd9GcRVNSEDmtSFrzxAwBy8kkCWoFA7Y2POeMIk7Q&s,129.99
Athletic Gear,Anelli Ginnastici,Anelli olimpici in legno con cinghie regolabili. Ideali per strength training,https://encrypted-tbn0.gstatic.com/images?q=tbn:ANd9GcQvYGlZnDn_LSDwEqYSVeFTiFJBq54dc_fgbw&s,49.99
Momentum Fit,Kettlebell,Ghisa sferica rivestita. Disponibile da 16kg a 48kg per tutti i livelli,https://cdn.prod.website-files.com/675af12409a81cc2b8505251/677d05b4461811460b057964_677d0586719281aa4265ad46_nahaufnahme-unterschiedlicher-kettlebells.webp,69.99
Elite Sports,Cintura Pesi,Cintura in pelle con catena in acciaio. Resistente fino a 50kg aggiuntivi,https://www.sideaita.it/wp-content/uploads/2018/08/1709-Belt-with-Chain-Michael-Maraldi-2.jpg,44.99
Body Works,Bande Elastiche,Set di 5 bande di diverse resistenze. Lunghezza 104cm. Latex naturale,https://tse2.mm.bing.net/th/id/OIP.yP2tHGobHaGefWw_DagGQQHaEo?pid=Api&P=0&h=180,34.99
Fitness Pro,Sbarra Trazioni,Acciaio massello da 25mm. Carica massima 150kg. Per pull ups e esercizi di sospensione,https://www.gornation.com/cdn/shop/articles/Entdecke_wie_Push_Up_Bars_dein_Calisthenics-Training_verbessern._Lerne_die_besten_Uebungen_Vorteile_und_Tipps_zur_effektiven_Nutzung._17_6ece19ea-50b7-4d4c-86ae-cfde571e8d15.png?v=1758631760,89.99
Performance Lab,Push Up Bars,Coppia di barre parallele in alluminio. Riduce stress su polsi e spalle,https://images.unsplash.com/photo-1571019614242-c5c5dee9f50b?w=600&q=80,29.99
Core Strength,Ab Wheel,Ruota addominale professionale con cuscinetti a sfera e maniglie ergonomiche,https://tse4.mm.bing.net/th/id/OIP.Vd93btFIlQucjHpjthm6AAHaHY?pid=Api&P=0&h=180,24.99
Endurance Plus,Tappetino Yoga,Spessore 8mm in TPE eco-friendly. Antiscivolo su entrambi i lati. Dimensioni 183x61cm,https://images.unsplash.com/photo-1601925260368-ae2f83cf8b7f?w=600&q=80,34.99
